Workbook

Sheet Invoice
B5: Invoice Date | C5: : 2026-04-06
B6: Billing Account Name | C6: lotte-card
B7: Term of Use | C7: 2026-02-28 ~ 2026-03-31
B9: API | C9: Usage | D9: Free Usage | E9: Subtotal | F9: 할인 구간 | H9: 단가 | I9: Amount
B10: Dynamic Maps | C10: 5581 | D10: =SUMIF('GMP Price List'!$A:$A,B10,'GMP Price List'!$C:$C) | E10: =IF(C10-D10>0,C10-D10,0) | F10: 0-100K | G10: =IF(E10>100000,100000,E10) | H10: =SUMIF('GMP Price List'!$A:$A,B10,'GMP Price List'!$D:$D) | I10: =G10*H10/1000
F11: ~500K | G11: =IF(E10>500000,400000,E10-G10) | H11: =SUMIF('GMP Price List'!$A:$A,B10,'GMP Price List'!$E:$E) | I11: =G11*H11/1000
F12: ~1M | G12: =IF(E10>1000000,500000,E10-G10-G11) | H12: =SUMIF('GMP Price List'!$A:$A,B10,'GMP Price List'!$F:$F) | I12: =G12*H12/1000
F13: ~5M | G13: =IF(E10>5000000,4000000,E10-G10-G11-G12) | H13: =SUMIF('GMP Price List'!$A:$A,B10,'GMP Price List'!$G:$G) | I13: =G13*H13/1000
F14: ~10M | G14: =IF(E10-G10-G11-G12-G13>0,E10-G10-G11-G12-G13,0) | H14: =SUMIF('GMP Price List'!$A:$A,B10,'GMP Price List'!$H:$H) | I14: =G14*H14/1000
B15: 소계 | G15: =SUM(G10:G14) | I15: =ROUND(SUM(I10:I14),2)
B16: Directions | C16: 0 | D16: =SUMIF('GMP Price List'!$A:$A,B16,'GMP Price List'!$C:$C) | E16: =IF(C16-D16>0,C16-D16,0) | F16: 0-100K | G16: =IF(E16>100000,100000,E16) | H16: =SUMIF('GMP Price List'!$A:$A,B16,'GMP Price List'!$D:$D) | I16: =G16*H16/1000
F17: ~500K | G17: =IF(E16>500000,400000,E16-G16) | H17: =SUMIF('GMP Price List'!$A:$A,B16,'GMP Price List'!$E:$E) | I17: =G17*H17/1000
F18: ~1M | G18: =IF(E16>1000000,500000,E16-G16-G17) | H18: =SUMIF('GMP Price List'!$A:$A,B16,'GMP Price List'!$F:$F) | I18: =G18*H18/1000
F19: ~5M | G19: =IF(E16>5000000,4000000,E16-G16-G17-G18) | H19: =SUMIF('GMP Price List'!$A:$A,B16,'GMP Price List'!$G:$G) | I19: =G19*H19/1000
F20: ~10M | G20: =IF(E16-G16-G17-G18-G19>0,E16-G16-G17-G18-G19,0) | H20: =SUMIF('GMP Price List'!$A:$A,B16,'GMP Price List'!$H:$H) | I20: =G20*H20/1000
B21: 소계 | G21: =SUM(G16:G20) | I21: =ROUND(SUM(I16:I20),2)
B22: Geocoding | C22: 1759 | D22: =SUMIF('GMP Price List'!$A:$A,B22,'GMP Price List'!$C:$C) | E22: =IF(C22-D22>0,C22-D22,0) | F22: 0-100K | G22: =IF(E22>100000,100000,E22) | H22: =SUMIF('GMP Price List'!$A:$A,B22,'GMP Price List'!$D:$D) | I22: =G22*H22/1000
F23: ~500K | G23: =IF(E22>500000,400000,E22-G22) | H23: =SUMIF('GMP Price List'!$A:$A,B22,'GMP Price List'!$E:$E) | I23: =G23*H23/1000
F24: ~1M | G24: =IF(E22>1000000,500000,E22-G22-G23) | H24: =SUMIF('GMP Price List'!$A:$A,B22,'GMP Price List'!$F:$F) | I24: =G24*H24/1000
F25: ~5M | G25: =IF(E22>5000000,4000000,E22-G22-G23-G24) | H25: =SUMIF('GMP Price List'!$A:$A,B22,'GMP Price List'!$G:$G) | I25: =G25*H25/1000
F26: ~10M | G26: =IF(E22-G22-G23-G24-G25>0,E22-G22-G23-G24-G25,0) | H26: =SUMIF('GMP Price List'!$A:$A,B22,'GMP Price List'!$H:$H) | I26: =G26*H26/1000
B27: 소계 | G27: =SUM(G22:G26) | I27: =ROUND(SUM(I22:I26),2)
B28: Autocomplete - Per Request | C28: 0 | D28: =SUMIF('GMP Price List'!$A:$A,B28,'GMP Price List'!$C:$C) | E28: =IF(C28-D28>0,C28-D28,0) | F28: 0-100K | G28: =IF(E28>100000,100000,E28) | H28: =SUMIF('GMP Price List'!$A:$A,B28,'GMP Price List'!$D:$D) | I28: =G28*H28/1000
F29: ~500K | G29: =IF(E28>500000,400000,E28-G28) | H29: =SUMIF('GMP Price List'!$A:$A,B28,'GMP Price List'!$E:$E) | I29: =G29*H29/1000
F30: ~1M | G30: =IF(E28>1000000,500000,E28-G28-G29) | H30: =SUMIF('GMP Price List'!$A:$A,B28,'GMP Price List'!$F:$F) | I30: =G30*H30/1000
F31: ~5M | G31: =IF(E28>5000000,4000000,E28-G28-G29-G30) | H31: =SUMIF('GMP Price List'!$A:$A,B28,'GMP Price List'!$G:$G) | I31: =G31*H31/1000
F32: ~10M | G32: =IF(E28-G28-G29-G30-G31>0,E28-G28-G29-G30-G31,0) | H32: =SUMIF('GMP Price List'!$A:$A,B28,'GMP Price List'!$H:$H) | I32: =G32*H32/1000
B33: 소계 | G33: =SUM(G28:G32) | I33: =ROUND(SUM(I28:I32),2)
B34: Autocomplete without Places Details - Per Session | C34: 0 | D34: =SUMIF('GMP Price List'!$A:$A,B34,'GMP Price List'!$C:$C) | E34: =IF(C34-D34>0,C34-D34,0) | F34: 0-100K | G34: =IF(E34>100000,100000,E34) | H34: =SUMIF('GMP Price List'!$A:$A,B34,'GMP Price List'!$D:$D) | I34: =G34*H34/1000
F35: ~500K | G35: =IF(E34>500000,400000,E34-G34) | H35: =SUMIF('GMP Price List'!$A:$A,B34,'GMP Price List'!$E:$E) | I35: =G35*H35/1000
F36: ~1M | G36: =IF(E34>1000000,500000,E34-G34-G35) | H36: =SUMIF('GMP Price List'!$A:$A,B34,'GMP Price List'!$F:$F) | I36: =G36*H36/1000
F37: ~5M | G37: =IF(E34>5000000,4000000,E34-G34-G35-G36) | H37: =SUMIF('GMP Price List'!$A:$A,B34,'GMP Price List'!$G:$G) | I37: =G37*H37/1000
F38: ~10M | G38: =IF(E34-G34-G35-G36-G37>0,E34-G34-G35-G36-G37,0) | H38: =SUMIF('GMP Price List'!$A:$A,B34,'GMP Price List'!$H:$H) | I38: =G38*H38/1000
B39: 소계 | G39: =SUM(G34:G38) | I39: =ROUND(SUM(I34:I38),2)
B40: Query Autocomplete - Per Request | C40: 0 | D40: =SUMIF('GMP Price List'!$A:$A,B40,'GMP Price List'!$C:$C) | E40: =IF(C40-D40>0,C40-D40,0) | F40: 0-100K | G40: =IF(E40>100000,100000,E40) | H40: =SUMIF('GMP Price List'!$A:$A,B40,'GMP Price List'!$D:$D) | I40: =G40*H40/1000
F41: ~500K | G41: =IF(E40>500000,400000,E40-G40) | H41: =SUMIF('GMP Price List'!$A:$A,B40,'GMP Price List'!$E:$E) | I41: =G41*H41/1000
F42: ~1M | G42: =IF(E40>1000000,500000,E40-G40-G41) | H42: =SUMIF('GMP Price List'!$A:$A,B40,'GMP Price List'!$F:$F) | I42: =G42*H42/1000
F43: ~5M | G43: =IF(E40>5000000,4000000,E40-G40-G41-G42) | H43: =SUMIF('GMP Price List'!$A:$A,B40,'GMP Price List'!$G:$G) | I43: =G43*H43/1000
F44: ~10M | G44: =IF(E40-G40-G41-G42-G43>0,E40-G40-G41-G42-G43,0) | H44: =SUMIF('GMP Price List'!$A:$A,B40,'GMP Price List'!$H:$H) | I44: =G44*H44/1000
B45: 소계 | G45: =SUM(G40:G44) | I45: =ROUND(SUM(I40:I44),2)
B46: Places Details | C46: 0 | D46: =SUMIF('GMP Price List'!$A:$A,B46,'GMP Price List'!$C:$C) | E46: =IF(C46-D46>0,C46-D46,0) | F46: 0-100K | G46: =IF(E46>100000,100000,E46) | H46: =SUMIF('GMP Price List'!$A:$A,B46,'GMP Price List'!$D:$D) | I46: =G46*H46/1000
F47: ~500K | G47: =IF(E46>500000,400000,E46-G46) | H47: =SUMIF('GMP Price List'!$A:$A,B46,'GMP Price List'!$E:$E) | I47: =G47*H47/1000
F48: ~1M | G48: =IF(E46>1000000,500000,E46-G46-G47) | H48: =SUMIF('GMP Price List'!$A:$A,B46,'GMP Price List'!$F:$F) | I48: =G48*H48/1000
F49: ~5M | G49: =IF(E46>5000000,4000000,E46-G46-G47-G48) | H49: =SUMIF('GMP Price List'!$A:$A,B46,'GMP Price List'!$G:$G) | I49: =G49*H49/1000
F50: ~10M | G50: =IF(E46-G46-G47-G48-G49>0,E46-G46-G47-G48-G49,0) | H50: =SUMIF('GMP Price List'!$A:$A,B46,'GMP Price List'!$H:$H) | I50: =G50*H50/1000
B51: 소계 | G51: =SUM(G46:G50) | I51: =ROUND(SUM(I46:I50),2)
B52: Basic Data | C52: 61815 | D52: =SUMIF('GMP Price List'!$A:$A,B52,'GMP Price List'!$C:$C) | E52: =IF(C52-D52>0,C52-D52,0) | F52: 0-100K | G52: =IF(E52>100000,100000,E52) | H52: =SUMIF('GMP Price List'!$A:$A,B52,'GMP Price List'!$D:$D) | I52: =G52*H52/1000
F53: ~500K | G53: =IF(E52>500000,400000,E52-G52) | H53: =SUMIF('GMP Price List'!$A:$A,B52,'GMP Price List'!$E:$E) | I53: =G53*H53/1000
F54: ~1M | G54: =IF(E52>1000000,500000,E52-G52-G53) | H54: =SUMIF('GMP Price List'!$A:$A,B52,'GMP Price List'!$F:$F) | I54: =G54*H54/1000
F55: ~5M | G55: =IF(E52>5000000,4000000,E52-G52-G53-G54) | H55: =SUMIF('GMP Price List'!$A:$A,B52,'GMP Price List'!$G:$G) | I55: =G55*H55/1000
F56: ~10M | G56: =IF(E52-G52-G53-G54-G55>0,E52-G52-G53-G54-G55,0) | H56: =SUMIF('GMP Price List'!$A:$A,B52,'GMP Price List'!$H:$H) | I56: =G56*H56/1000
B57: 소계 | G57: =SUM(G52:G56) | I57: =ROUND(SUM(I52:I56),2)
B58: Contact Data | C58: 0 | D58: =SUMIF('GMP Price List'!$A:$A,B58,'GMP Price List'!$C:$C) | E58: =IF(C58-D58>0,C58-D58,0) | F58: 0-100K | G58: =IF(E58>100000,100000,E58) | H58: =SUMIF('GMP Price List'!$A:$A,B58,'GMP Price List'!$D:$D) | I58: =G58*H58/1000
F59: ~500K | G59: =IF(E58>500000,400000,E58-G58) | H59: =SUMIF('GMP Price List'!$A:$A,B58,'GMP Price List'!$E:$E) | I59: =G59*H59/1000
F60: ~1M | G60: =IF(E58>1000000,500000,E58-G58-G59) | H60: =SUMIF('GMP Price List'!$A:$A,B58,'GMP Price List'!$F:$F) | I60: =G60*H60/1000
F61: ~5M | G61: =IF(E58>5000000,4000000,E58-G58-G59-G60) | H61: =SUMIF('GMP Price List'!$A:$A,B58,'GMP Price List'!$G:$G) | I61: =G61*H61/1000
F62: ~10M | G62: =IF(E58-G58-G59-G60-G61>0,E58-G58-G59-G60-G61,0) | H62: =SUMIF('GMP Price List'!$A:$A,B58,'GMP Price List'!$H:$H) | I62: =G62*H62/1000
B63: 소계 | G63: =SUM(G58:G62) | I63: =ROUND(SUM(I58:I62),2)
B64: Atmosphere Data | C64: 0 | D64: =SUMIF('GMP Price List'!$A:$A,B64,'GMP Price List'!$C:$C) | E64: =IF(C64-D64>0,C64-D64,0) | F64: 0-100K | G64: =IF(E64>100000,100000,E64) | H64: =SUMIF('GMP Price List'!$A:$A,B64,'GMP Price List'!$D:$D) | I64: =G64*H64/1000
F65: ~500K | G65: =IF(E64>500000,400000,E64-G64) | H65: =SUMIF('GMP Price List'!$A:$A,B64,'GMP Price List'!$E:$E) | I65: =G65*H65/1000
F66: ~1M | G66: =IF(E64>1000000,500000,E64-G64-G65) | H66: =SUMIF('GMP Price List'!$A:$A,B64,'GMP Price List'!$F:$F) | I66: =G66*H66/1000
F67: ~5M | G67: =IF(E64>5000000,4000000,E64-G64-G65-G66) | H67: =SUMIF('GMP Price List'!$A:$A,B64,'GMP Price List'!$G:$G) | I67: =G67*H67/1000
F68: ~10M | G68: =IF(E64-G64-G65-G66-G67>0,E64-G64-G65-G66-G67,0) | H68: =SUMIF('GMP Price List'!$A:$A,B64,'GMP Price List'!$H:$H) | I68: =G68*H68/1000
B69: 소계 | G69: =SUM(G64:G68) | I69: =ROUND(SUM(I64:I68),2)
B70: Places - Text Search | C70: 0 | D70: =SUMIF('GMP Price List'!$A:$A,B70,'GMP Price List'!$C:$C) | E70: =IF(C70-D70>0,C70-D70,0) | F70: 0-100K | G70: =IF(E70>100000,100000,E70) | H70: =SUMIF('GMP Price List'!$A:$A,B70,'GMP Price List'!$D:$D) | I70: =G70*H70/1000
F71: ~500K | G71: =IF(E70>500000,400000,E70-G70) | H71: =SUMIF('GMP Price List'!$A:$A,B70,'GMP Price List'!$E:$E) | I71: =G71*H71/1000
F72: ~1M | G72: =IF(E70>1000000,500000,E70-G70-G71) | H72: =SUMIF('GMP Price List'!$A:$A,B70,'GMP Price List'!$F:$F) | I72: =G72*H72/1000
F73: ~5M | G73: =IF(E70>5000000,4000000,E70-G70-G71-G72) | H73: =SUMIF('GMP Price List'!$A:$A,B70,'GMP Price List'!$G:$G) | I73: =G73*H73/1000
F74: ~10M | G74: =IF(E70-G70-G71-G72-G73>0,E70-G70-G71-G72-G73,0) | H74: =SUMIF('GMP Price List'!$A:$A,B70,'GMP Price List'!$H:$H) | I74: =G74*H74/1000
B75: 소계 | G75: =SUM(G70:G74) | I75: =ROUND(SUM(I70:I74),2)
B76: Find Place | C76: 0 | D76: =SUMIF('GMP Price List'!$A:$A,B76,'GMP Price List'!$C:$C) | E76: =IF(C76-D76>0,C76-D76,0) | F76: 0-100K | G76: =IF(E76>100000,100000,E76) | H76: =SUMIF('GMP Price List'!$A:$A,B76,'GMP Price List'!$D:$D) | I76: =G76*H76/1000
F77: ~500K | G77: =IF(E76>500000,400000,E76-G76) | H77: =SUMIF('GMP Price List'!$A:$A,B76,'GMP Price List'!$E:$E) | I77: =G77*H77/1000
F78: ~1M | G78: =IF(E76>1000000,500000,E76-G76-G77) | H78: =SUMIF('GMP Price List'!$A:$A,B76,'GMP Price List'!$F:$F) | I78: =G78*H78/1000
F79: ~5M | G79: =IF(E76>5000000,4000000,E76-G76-G77-G78) | H79: =SUMIF('GMP Price List'!$A:$A,B76,'GMP Price List'!$G:$G) | I79: =G79*H79/1000
F80: ~10M | G80: =IF(E76-G76-G77-G78-G79>0,E76-G76-G77-G78-G79,0) | H80: =SUMIF('GMP Price List'!$A:$A,B76,'GMP Price List'!$H:$H) | I80: =G80*H80/1000
B81: 소계 | G81: =SUM(G76:G80) | I81: =ROUND(SUM(I76:I80),2)
B82: 월최소사용비용(KRW) | I82: 500000
B83: 합 계(USD) | I83: =ROUND(SUM(I81,I75,I69,I63,I57,I51,I45,I39,I33,I27,I15,I21),0)
B84: 환 율(하나은행 2026.03.31 최종 송금환율 기준) | I84: 1525.3
B85: 청 구 금 액(KRW) | I85: =ROUND(I83*I84,0)
I86: (부가세 별도)
H87: SPH Inc. (www.sphinfo.co.kr) COO Kyungsoo Yoo Tel : 010-3266-6272, Email : ksyoo@sphinfo.co.kr 서울시 마포구 마포대로 92, 효성해링턴스퀘어 A동 3층

Sheet Project
B5: Invoice Date | C5: =Invoice!C5
B6: Billing Account Name | C6: lotte-card
B7: Term of Use | C7: 2026-02-28 ~ 2026-03-31
B8: 환율 | C8: =Invoice!I84 | D8: (하나은행 2026.03.31 최종 송금환율 기준)
E9: =SUM(#REF!,#REF!,#REF!,#REF!,#REF!,#REF!) | H9: =SUM(#REF!,#REF!,#REF!,#REF!,#REF!,#REF!) | K9: =SUM(#REF!,#REF!,#REF!,#REF!,#REF!,#REF!) | N9: =SUM(#REF!,#REF!,#REF!,#REF!,#REF!,#REF!) | Q9: =SUM(#REF!,#REF!,#REF!,#REF!,#REF!,#REF!) | T9: =SUM(#REF!,#REF!,#REF!,#REF!,#REF!,#REF!) | W9: =SUM(#REF!,#REF!,#REF!,#REF!,#REF!,#REF!) | Z9: =SUM(#REF!,#REF!,#REF!,#REF!,#REF!,#REF!) | AC9: =SUM(#REF!,#REF!,#REF!,#REF!,#REF!,#REF!) | AF9: =SUM(#REF!,#REF!,#REF!,#REF!,#REF!,#REF!) | AI9: =SUM(#REF!,#REF!,#REF!,#REF!,#REF!,#REF!)
B11: lotte-card

Sheet GMP Price List
A2: Maps
D3: COST PER THOUSAND (CPM)
A4: Monthly volume range | B4: Category | C4: Free Usage Cap¹ | D4: Free usage cap to 100,000 | E4: 100,001 to 500,000 | F4: 500,001 to 1,000,000 | G4: 1,000,001 to 5,000,000 | H4: 5,000,001 to 10,000,000 | I4: 10,000,000 +
A5: Embed | B5: Essentials | C5: Unlimited | D5: 0 | E5: 0 | F5: 0 | G5: 0 | H5: 0 | I5: 별도문의
A6: Maps SDK | B6: Essentials | C6: Unlimited | D6: 0 | E6: 0 | F6: 0 | G6: 0 | H6: 0 | I6: 별도문의
A7: Street View Metadata | B7: Essentials | C7: Unlimited | D7: 0 | E7: 0 | F7: 0 | G7: 0 | H7: 0 | I7: 별도문의
A8: Dynamic Maps | B8: Essentials | C8: 10000 | D8: 7 | E8: 5.6 | F8: 4.2 | G8: 2.1 | H8: 0.53 | I8: 별도문의
A9: Static Maps | B9: Essentials | C9: 10000 | D9: 2 | E9: 1.6 | F9: 1.2 | G9: 0.6 | H9: 0.15 | I9: 별도문의
A10: Static Street View | B10: Essentials | C10: 10000 | D10: 7 | E10: 5.6 | F10: 4.2 | G10: 2.1 | H10: 0.53 | I10: 별도문의
A11: Aerial View | B11: Pro | C11: 5000 | D11: 16 | E11: 12.8 | F11: 9.6 | G11: 4.8 | H11: 1.2 | I11: 별도문의
A12: Dynamic Street View | B12: Pro | C12: 5000 | D12: 14 | E12: 11.2 | F12: 8.4 | G12: 4.2 | H12: 1.05 | I12: 별도문의
A13: Elevation | B13: Pro | C13: 5000 | D13: 5 | E13: 4 | F13: 3 | G13: 1.5 | H13: 0.38 | I13: 별도문의
A16: Map Tiles
D17: COST PER THOUSAND (CPM)
A18: Monthly volume range | B18: Category | C18: Free Usage Cap¹ | D18: Free usage cap to 1,000,000 | E18: 1,000,001 to 5,000,000 | F18: 5,000,001 to 10,000,000 | G18: 10,000,001 to 50,000,000 | H18: 5,000,001 to 10,000,000 | I18: 10,000,000 +
A19: Map Tiles API: 2D Map Tiles | B19: Essentials | C19: 100000 | D19: 0.6 | E19: 0.48 | F19: 0.36 | G19: 0.18 | H19: 0.045 | I19: 별도문의
A20: Map Tiles API: Street View Tiles | B20: Essentials | C20: 100000 | D20: 2 | E20: 1.6 | F20: 1.2 | G20: 0.6 | H20: 0.2 | I20: 별도문의
D22: COST PER THOUSAND (CPM)
A23: Monthly volume range | B23: Category | C23: Free Usage Cap¹ | D23: Free usage cap to 100,000 | E23: 100,001 to 500,000 | F23: 500,001 to 1,000,000 | G23: 1,000,001 to 5,000,000 | H23: 5,000,001 to 10,000,000 | I23: 10,000,000 +
A24: Map Tiles API: Photorealistic 3D Tiles | B24: Enterprise | C24: 1000 | D24: 6 | E24: 5.1 | F24: 4.2 | G24: 3.3 | H24: 2.4 | I24: 별도문의
A27: Routes
D28: COST PER THOUSAND (CPM)
A29: Monthly volume range | B29: Category | C29: Free Usage Cap¹ | D29: Free usage cap to 100,000 | E29: 100,001 to 500,000 | F29: 500,001 to 1,000,000 | G29: 1,000,001 to 5,000,000 | H29: 5,000,001 to 10,000,000 | I29: 10,000,000 +
A30: Routes: Compute Route Matrix Essentials | B30: Essentials | C30: 10000 | D30: 5 | E30: 4 | F30: 3 | G30: 1.5 | H30: 0.38 | I30: 별도문의
A31: Routes: Compute Routes Essentials | B31: Essentials | C31: 10000 | D31: 5 | E31: 4 | F31: 3 | G31: 1.5 | H31: 0.38 | I31: 별도문의
A32: Roads - Nearest Road | B32: Pro | C32: 5000 | D32: 10 | E32: 8 | F32: 6 | G32: 3 | H32: 0.76 | I32: 별도문의
A33: Roads - Route Traveled | B33: Pro | C33: 5000 | D33: 10 | E33: 8 | F33: 6 | G33: 3 | H33: 0.76 | I33: 별도문의
A34: Roads - Speed Limits² | B34: Pro | C34: 5000 | D34: 20 | E34: 16 | F34: 12 | G34: 12 | H34: 12 | I34: 별도문의
A35: RouteOptimization - SingleVehicleRouting | B35: Pro | C35: 5000 | D35: 10 | E35: 4 | F35: 2 | G35: 0.8 | H35: 0.7 | I35: 별도문의
A36: Routes: Compute Route Matrix Pro | B36: Pro | C36: 5000 | D36: 10 | E36: 8 | F36: 6 | G36: 3 | H36: 0.75 | I36: 별도문의
A37: Routes: Compute Routes Pro | B37: Pro | C37: 5000 | D37: 10 | E37: 8 | F37: 6 | G37: 3 | H37: 0.75 | I37: 별도문의
A38: RouteOptimization - FleetRouting | B38: Enterprise | C38: 1000 | D38: 30 | E38: 14 | F38: 6 | G38: 2.4 | H38: 2.1 | I38: 별도문의
A39: Routes: Compute Route Matrix Enterprise | B39: Enterprise | C39: 1000 | D39: 15 | E39: 12 | F39: 9 | G39: 4.5 | H39: 1.14 | I39: 별도문의
A40: Routes: Compute Routes Enterprise | B40: Enterprise | C40: 1000 | D40: 15 | E40: 12 | F40: 9 | G40: 4.5 | H40: 1.14 | I40: 별도문의
A42: Monthly volume range | C42: Free Usage Cap¹ | D42: Free usage cap to 4,200,000 destinations | E42: 4,200,000 to 16,800,000 destinations | F42: 16,800,000 +
A43: Navigation Request | B43: Enterprise | C43: 1000 | D43: 50 | E43: 39.5 | F43: 28
A46: Places
D47: COST PER THOUSAND (CPM)
A48: Monthly volume range | B48: Category | C48: Free Usage Cap¹ | D48: Free usage cap to 100,000 | E48: 100,001 to 500,000 | F48: 500,001 to 1,000,000 | G48: 1,000,001 to 5,000,000 | H48: 5,000,001 to 10,000,000 | I48: 10,000,000 +
A49: Autocomplete Session Usage | B49: Essentials | C49: Unlimited | D49: 0 | E49: 0 | F49: 0 | G49: 0 | H49: 0 | I49: 별도문의
A50: Places API Place Details Essentials (IDs Only) | B50: Essentials | C50: Unlimited | D50: 0 | E50: 0 | F50: 0 | G50: 0 | H50: 0 | I50: 별도문의
A51: Places API Text Search Essentials (IDs Only) | B51: Essentials | C51: Unlimited | D51: 0 | E51: 0 | F51: 0 | G51: 0 | H51: 0 | I51: 별도문의
A52: Autocomplete Requests | B52: Essentials | C52: 10000 | D52: 2.83 | E52: 2.27 | F52: 1.7 | G52: 0.85 | H52: 0.21 | I52: 별도문의
A53: Geocoding | B53: Essentials | C53: 10000 | D53: 5 | E53: 4 | F53: 3 | G53: 1.5 | H53: 0.38 | I53: 별도문의
A54: Geolocation | B54: Essentials | C54: 10000 | D54: 5 | E54: 4 | F54: 3 | G54: 1.5 | H54: 0.38 | I54: 별도문의
A55: Places API Place Details Essentials | B55: Essentials | C55: 10000 | D55: 5 | E55: 4 | F55: 3 | G55: 1.5 | H55: 0.38 | I55: 별도문의
A56: Time Zone | B56: Essentials | C56: 10000 | D56: 5 | E56: 4 | F56: 3 | G56: 1.5 | H56: 0.38 | I56: 별도문의
A57: Address Validation Pro | B57: Pro | C57: 5000 | D57: 17 | E57: 13.6 | F57: 10.2 | G57: 5.1 | H57: 1.28 | I57: 별도문의
A58: Places API Nearby Search Pro | B58: Pro | C58: 5000 | D58: 32 | E58: 25.6 | F58: 19.2 | G58: 9.6 | H58: 2.4 | I58: 별도문의
A59: Places API Place Details Pro | B59: Pro | C59: 5000 | D59: 17 | E59: 13.6 | F59: 10.2 | G59: 5.1 | H59: 1.28 | I59: 별도문의
A60: Places API Text Search Pro | B60: Pro | C60: 5000 | D60: 32 | E60: 25.6 | F60: 19.2 | G60: 9.6 | H60: 2.4 | I60: 별도문의
A61: Address Validation Enterprise | B61: Enterprise | C61: 1000 | D61: 25 | E61: 20 | F61: 15 | G61: 7.5 | H61: 2.28 | I61: 별도문의
A62: Places API Nearby Search Enterprise | B62: Enterprise | C62: 1000 | D62: 35 | E62: 28 | F62: 21 | G62: 10.5 | H62: 2.63 | I62: 별도문의
A63: Places API Nearby Search Enterprise + Atmosphere | B63: Enterprise | C63: 1000 | D63: 40 | E63: 32 | F63: 24 | G63: 12 | H63: 3.4 | I63: 별도문의
... A68: Places API Text Search Enterprise + Atmosphere | B68: Enterprise | C68: 1000 | D68: 40 | E68: 32 | F68: 24 | G68: 12 | H68: 3.4 | I68: 별도문의
A71: Environment
D72: COST PER THOUSAND (CPM)
A73: Monthly volume range | B73: Category | C73: Free Usage Cap¹ | D73: Free usage cap to 100,000 | E73: 100,001 to 500,000 | F73: 500,001 to 1,000,000 | G73: 1,000,001 to 5,000,000 | H73: 5,000,001 to 10,000,000 | I73: 10,000,000 +
A74: Air Quality Usage | B74: Essentials | C74: 10000 | D74: 5 | E74: 4 | F74: 2 | G74: 0.5 | H74: 0.25 | I74: 별도문의
A75: Solar API Building Insights | B75: Essentials | C75: 10000 | D75: 10 | E75: 5 | F75: 4.5 | G75: 4 | H75: 3.5 | I75: 별도문의
A76: Pollen Usage | B76: Pro | C76: 5000 | D76: 10 | E76: 8 | F76: 4 | G76: 1 | H76: 0.5 | I76: 별도문의
A77: Solar API Data Layers | B77: Enterprise | C77: 1000 | D77: 75 | E77: 37.5 | F77: 33.75 | G77: 30 | H77: 26.25 | I77: 별도문의
A80: Places API - Legacy³
D81: COST PER THOUSAND (CPM)
A82: Monthly volume range | B82: Category | C82: Free Usage Cap¹ | D82: Free usage cap to 100,000 | E82: 100,001 to 500,000 | F82: 500,001 to 1,000,000 | G82: 1,000,001 to 5,000,000 | H82: 5,000,001 to 10,000,000 | I82: 10,000,000 +
A83: Autocomplete (included with Places Details) - Per Session⁴ | B83: Essentials | C83: Unlimited | D83: 0 | E83: 0 | F83: 0 | G83: 0 | H83: 0 | I83: 별도문의
A84: Basic Data⁵ | B84: Essentials | C84: Unlimited | D84: 0 | E84: 0 | F84: 0 | G84: 0 | H84: 0 | I84: 별도문의
A85: Find Place - ID only | B85: Essentials | C85: Unlimited | D85: 0 | E85: 0 | F85: 0 | G85: 0 | H85: 0 | I85: 별도문의
A86: Places Details - ID Refresh | B86: Essentials | C86: Unlimited | D86: 0 | E86: 0 | F86: 0 | G86: 0 | H86: 0 | I86: 별도문의
A87: Autocomplete - Per Request | B87: Essentials | C87: 10000 | D87: 2.83 | E87: 2.27 | F87: 1.7 | G87: 0.85 | H87: 0.21 | I87: 별도문의
A88: Query Autocomplete - Per Request | B88: Essentials | C88: 10000 | D88: 2.83 | E88: 2.27 | F88: 1.7 | G88: 0.85 | H88: 0.21 | I88: 별도문의
A89: Autocomplete without Places Details - Per Session | B89: Pro | C89: 5000 | D89: 17 | E89: 13.6 | F89: 10.2 | G89: 5.1 | H89: 1.28 | I89: 별도문의
A90: Find Current Place | B90: Pro | C90: 5000 | D90: 30 | E90: 24 | F90: 18 | G90: 9 | H90: 2.25 | I90: 별도문의
A91: Find Place | B91: Pro | C91: 5000 | D91: 17 | E91: 13.6 | F91: 10.2 | G91: 5.1 | H91: 1.28 | I91: 별도문의
A92: Places - Nearby Search | B92: Pro | C92: 5000 | D92: 32 | E92: 25.6 | F92: 19.2 | G92: 9.6 | H92: 2.4 | I92: 별도문의
A93: Places - Text Search | B93: Pro | C93: 5000 | D93: 32 | E93: 25.6 | F93: 19.2 | G93: 9.6 | H93: 2.4 | I93: 별도문의
A94: Places Details | B94: Pro | C94: 5000 | D94: 17 | E94: 13.6 | F94: 10.2 | G94: 5.1 | H94: 1.28 | I94: 별도문의
A95: Atmosphere Data | B95: Enterprise | C95: 1000 | D95: 5 | E95: 4 | F95: 3 | G95: 1.5 | H95: 0.77 | I95: 별도문의
A96: Contact Data | B96: Enterprise | C96: 1000 | D96: 3 | E96: 2.4 | F96: 1.8 | G96: 0.9 | H96: 0.23 | I96: 별도문의
A97: Places Photo | B97: Enterprise | C97: 1000 | D97: 7 | E97: 5.6 | F97: 4.2 | G97: 2.1 | H97: 0.53 | I97: 별도문의
A100: Routes - Legacy³
D101: COST PER THOUSAND (CPM)
A102: Monthly volume range | B102: Category | C102: Free Usage Cap¹ | D102: Free usage cap to 100,000 | E102: 100,001 to 500,000 | F102: 500,001 to 1,000,000 | G102: 1,000,001 to 5,000,000 | H102: 5,000,001 to 10,000,000 | I102: 10,000,000 +
A103: Directions | B103: Essentials | C103: 10000 | D103: 5 | E103: 4 | F103: 3 | G103: 1.5 | H103: 0.38 | I103: 별도문의
A104: Distance Matrix | B104: Essentials | C104: 10000 | D104: 5 | E104: 4 | F104: 3 | G104: 1.5 | H104: 0.38 | I104: 별도문의
A105: Directions Advanced | B105: Pro | C105: 5000 | D105: 10 | E105: 8 | F105: 6 | G105: 3 | H105: 0.75 | I105: 별도문의
A106: Distance Matrix Advanced | B106: Pro | C106: 5000 | D106: 10 | E106: 8 | F106: 6 | G106: 3 | H106: 0.75 | I106: 별도문의
A108: ¹ Free usage refers to monthly billable events available at no cost ² Limited access ³ Effective March 1, 2025, you can no longer enable Legacy services ⁴ This SKU will show up as $0 on the bill, but you will be charged a Places Details API call and incur cost under that SKU ⁵ Places Data SKUs are always charged in addition to the base SKU for the request triggering them
A112: ¹ Free usage refers to monthly billable events available at no cost ² Limited access ³ Effective March 1, 2025, you can no longer enable Legacy services ⁴ This SKU will show up as $0 on the bill, but you will be charged a Places Details API call and incur cost under that SKU ⁵ Places Data SKUs are always charged in addition to the base SKU for the request triggering them
